"date","time","from","sender name","sender lat","sender long","rx lat","rx long","rx elevation","rx snr","distance(m)","hop limit","payload"
"2026-05-25","19:29:09","3841429812","Meshtastic 9134","39.295385599999996","-76.5722624","","","","-3.0","","3","<POSITION_APP>"
"2026-05-25","19:29:09","1315804648","","","","","","","-3.25","","1","<TELEMETRY_APP>"
"2026-05-25","19:32:35","2224783768","","39.295385599999996","-76.67712","","","","-10.0","","1","<POSITION_APP>"
"2026-05-25","19:33:11","87736737","","","","","","","-3.75","","5","<TELEMETRY_APP>"
"2026-05-25","19:34:23","80056624","","39.295385599999996","-76.67712","","","","-12.25","","2","<POSITION_APP>"
"2026-05-25","19:37:08","2105866428","Meshtastic f8bc","39.2757248","-76.68367359999999","","","","-9.25","","3","<POSITION_APP>"
"2026-05-25","19:37:57","3957677525","MD Sci Ctr - 5dd5 - N3FM ","39.281349899999995","-76.61206","","","","-18.75","","1","<POSITION_APP>"
"2026-05-25","19:39:53","862413548","Meshtastic 62ec","39.2855918","-76.43972699999999","","","","-11.25","","1","<POSITION_APP>"
"2026-05-25","19:40:59","544569877","","39.295385599999996","-76.6246912","39.295385599999996","-76.6246912","29","-14.5","0","6","<POSITION_APP>"
"2026-05-25","19:41:51","3297234436","","","","39.295385599999996","-76.6246912","29","-6.75","","4","<NODEINFO_APP>"
"2026-05-25","19:44:02","2352118930","Meshtastic 7c92","39.2429568","-76.5198336","39.295385599999996","-76.6246912","29","-6.75","10746","0","<POSITION_APP>"
"2026-05-25","19:45:48","2111209997","","","","39.295385599999996","-76.6246912","29","-12.25","","0","<NODEINFO_APP>"
"2026-05-25","19:46:25","80056624","","39.295385599999996","-76.67712","39.295385599999996","-76.6246912","29","-14.0","4512","0","<POSITION_APP>"
"2026-05-25","19:46:30","4064592148","","","","39.295385599999996","-76.6246912","29","-12.5","","0","<TELEMETRY_APP>"
"2026-05-25","19:47:28","2105866428","Meshtastic f8bc","39.2757248","-76.68367359999999","39.295385599999996","-76.6246912","29","-13.5","5527","4","<POSITION_APP>"
"2026-05-25","19:50:32","796750397","","39.288509999999995","-76.62759","39.295385599999996","-76.6246912","29","-13.5","804","3","<POSITION_APP>"
"2026-05-25","20:07:19","1834451461","Meshtastic 8205","39.256063999999995","-76.48051199999999","39.2707281","-76.6149111","145","-11.0","11685","5","<POSITION_APP>"
"2026-05-25","20:07:19","3957677525","MD Sci Ctr - 5dd5 - N3FM ","39.281349899999995","-76.61206","39.2707281","-76.6149111","145","-16.5","1206","5","<POSITION_APP>"
"2026-05-25","20:07:19","1458541443","","39.295385599999996","-76.67712","39.2707281","-76.6149111","145","-15.25","6015","1","<POSITION_APP>"
"2026-05-25","20:07:19","1130007052","","39.295385599999996","-76.6246912","39.2707281","-76.6149111","145","6.5","2868","1","<POSITION_APP>"
"2026-05-25","20:07:19","1159022031","","","","39.2707281","-76.6149111","145","6.0","","3","<NODEINFO_APP>"
"2026-05-25","20:07:19","1159022031","","","","39.2707281","-76.6149111","145","6.0","","3","<TELEMETRY_APP>"
"2026-05-25","20:07:19","1159022031","","","","39.2707281","-76.6149111","145","6.0","","3","<NODEINFO_APP>"
"2026-05-25","20:07:19","1159022031","","","","39.2707281","-76.6149111","145","6.5","","3","<TELEMETRY_APP>"
"2026-05-25","20:07:33","1439162892","Meshtastic e20c","39.2790016","-76.6148608","39.2707281","-76.6149111","145","-2.0","920","1","<POSITION_APP>"
"2026-05-25","20:08:01","990803211","Meshtastic 750b","39.2921088","-76.5886464","39.2707281","-76.6149111","145","-1.5","3281","1","<POSITION_APP>"
"2026-05-25","20:08:17","1569037174","OtterBot meshbot and bbs","39.281","-76.618","39.2707281","-76.6149111","145","-0.5","1173","1","<POSITION_APP>"
"2026-05-25","20:08:36","87736737","","","","39.2707281","-76.6149111","145","-0.75","","5","<NODEINFO_APP>"
"2026-05-25","20:09:13","1569037174","OtterBot meshbot and bbs","39.281","-76.618","39.2707281","-76.6149111","145","-0.75","1173","2","<TELEMETRY_APP>"
"2026-05-25","20:10:08","1236687492","Meshtastic 5a84","39.2462336","-76.49689599999999","39.2707281","-76.6149111","145","-0.5","10520","2","<POSITION_APP>"
"2026-05-25","20:10:15","2105866428","Meshtastic f8bc","39.2757248","-76.68367359999999","39.2707281","-76.6149111","145","-0.75","5945","0","<POSITION_APP>"
"2026-05-25","20:11:10","1236687492","Meshtastic 5a84","39.23968","-76.49689599999999","39.2707281","-76.6149111","145","-2.75","10732","4","<POSITION_APP>"
"2026-05-25","20:13:37","1236687492","Meshtastic 5a84","39.23968","-76.49689599999999","39.295385599999996","-76.6246912","9","-6.5","12625","2","<POSITION_APP>"
"2026-05-25","20:14:09","792644446","","39.1380992","-76.67712","39.295385599999996","-76.6246912","9","-18.5","18063","0","<POSITION_APP>"
"2026-05-25","20:14:13","2352118930","Meshtastic 7c92","39.2429568","-76.5198336","39.295385599999996","-76.6246912","9","-8.75","10746","0","<POSITION_APP>"
"2026-05-25","20:16:32","3957677525","MD Sci Ctr - 5dd5 - N3FM ","39.281349899999995","-76.61206","39.295385599999996","-76.6246912","9","-6.25","1902","6","<POSITION_APP>"
"2026-05-25","20:16:53","286265122","NE Patterson Park Roof","39.295385599999996","-76.5722624","39.295385599999996","-76.6246912","9","-8.0","4512","3","<POSITION_APP>"
"2026-05-25","20:17:19","3103069974","","39.295385599999996","-76.67712","39.295385599999996","-76.6246912","9","-0.25","4512","1","<POSITION_APP>"
"2026-05-25","20:18:25","1159022031","","","","39.295385599999996","-76.6246912","9","5.0","","2","<ROUTING_APP>"
"2026-05-25","20:19:49","1130007052","","39.2429568","-76.6246912","39.295385599999996","-76.6246912","9","6.25","5830","1","<POSITION_APP>"
"2026-05-25","20:21:24","2661259968","","39.2429568","-76.4674048","39.295385599999996","-76.6246912","9","-2.0","14742","4","<POSITION_APP>"
"2026-05-25","20:21:24","1159022031","","","","39.295385599999996","-76.6246912","9","7.0","","3","<PAXCOUNTER_APP>"
"2026-05-25","20:21:24","1159022031","","","","39.295385599999996","-76.6246912","9","6.25","","3","Howdy"
"2026-05-25","20:21:24","1159022031","","","","39.295385599999996","-76.6246912","9","6.5","","3","Your hot as fuck"
"2026-05-25","20:21:24","1159022031","","","","39.295385599999996","-76.6246912","9","6.5","","3","I want to bone"
"2026-05-25","20:21:36","862413548","Meshtastic 62ec","39.2855918","-76.43972699999999","39.295385599999996","-76.6246912","9","-2.25","15955","2","<POSITION_APP>"
"2026-05-25","20:21:44","1159022031","","","","39.295385599999996","-76.6246912","9","7.25","","2","<ROUTING_APP>"
"2026-05-25","20:21:57","1159022031","","","","39.295385599999996","-76.6246912","9","2.75","","2","<TELEMETRY_APP>"
"2026-05-25","20:22:00","1159022031","","","","39.295385599999996","-76.6246912","9","6.75","","2","<TRACEROUTE_APP>"
"2026-05-25","20:22:07","1159022031","","","","39.295385599999996","-76.6246912","9","1.25","","2","<TELEMETRY_APP>"
"2026-05-25","20:24:01","1159022031","","","","39.295385599999996","-76.6246912","9","6.5","","3","<NODEINFO_APP>"
"2026-05-25","20:24:31","1159022031","","","","39.295385599999996","-76.6246912","9","7.0","","3","<TELEMETRY_APP>"
"2026-05-25","20:24:33","3662957356","","39.272448","-76.6083072","39.295385599999996","-76.6246912","9","-5.75","2914","5","<POSITION_APP>"
"2026-05-25","21:03:25","796750397","","39.288509999999995","-76.62759","39.295385599999996","-76.6246912","9","-13.0","804","3","<POSITION_APP>"
"2026-05-25","21:03:25","2396968955","","","","39.295385599999996","-76.6246912","9","-12.25","","6","<NODEINFO_APP>"
"2026-05-25","21:03:25","1159022031","","","","39.295385599999996","-76.6246912","9","5.25","","3","<TELEMETRY_APP>"
"2026-05-25","21:03:25","1834451461","Meshtastic 8205","39.256063999999995","-76.48051199999999","39.295385599999996","-76.6246912","9","-2.75","13158","4","<POSITION_APP>"
"2026-05-25","21:03:25","142232420","","38.993919999999996","-77.03101439999999","39.295385599999996","-76.6246912","9","-10.5","48492","2","<POSITION_APP>"
"2026-05-25","21:03:25","1315804648","","","","39.295385599999996","-76.6246912","9","-1.75","","1","<NODEINFO_APP>"
"2026-05-25","21:03:25","3103069974","","39.295385599999996","-76.67712","39.295385599999996","-76.6246912","9","-2.25","4512","1","<NODEINFO_APP>"
"2026-05-25","21:03:25","2550247030","Meshtastic ae76","39.288816499999996","-76.6268882","39.295385599999996","-76.6246912","9","-10.75","755","5","<POSITION_APP>"
"2026-05-25","21:03:25","1834451461","Meshtastic 8205","39.256063999999995","-76.48051199999999","39.295385599999996","-76.6246912","9","-11.25","13158","5","<NODEINFO_APP>"
"2026-05-25","21:03:25","1159022031","","","","39.295385599999996","-76.6246912","9","5.75","","3","<TELEMETRY_APP>"
"2026-05-25","21:03:25","1159022031","","","","39.295385599999996","-76.6246912","9","6.75","","3","la-1 fuck boy"
"2026-05-25","21:03:25","1159022031","","","","39.295385599999996","-76.6246912","9","6.75","","3","<NODEINFO_APP>"
"2026-05-25","21:03:25","1159022031","","","","39.295385599999996","-76.6246912","9","5.5","","3","<TELEMETRY_APP>"
"2026-05-25","21:03:25","3841429812","Meshtastic 9134","39.295385599999996","-76.5722624","39.295385599999996","-76.6246912","9","-8.75","4512","4","<POSITION_APP>"
"2026-05-25","21:03:25","2086355080","Meshtastic 4088","","","39.295385599999996","-76.6246912","9","-10.0","","1","<TELEMETRY_APP>"
"2026-05-25","21:03:25","1834451461","Meshtastic 8205","39.256063999999995","-76.48051199999999","39.295385599999996","-76.6246912","9","-13.75","13158","1","<POSITION_APP>"
"2026-05-25","21:03:25","1458541443","","39.295385599999996","-76.67712","39.295385599999996","-76.6246912","9","-14.25","4512","1","<TELEMETRY_APP>"
"2026-05-25","21:03:25","3103069974","","39.295385599999996","-76.67712","39.295385599999996","-76.6246912","9","-13.25","4512","4","<POSITION_APP>"
"2026-05-25","21:03:25","1569037174","OtterBot meshbot and bbs","39.281","-76.618","39.295385599999996","-76.6246912","9","-13.0","1700","2","<NODEINFO_APP>"
"2026-05-25","21:03:25","2661259968","","39.2429568","-76.4674048","39.295385599999996","-76.6246912","9","-13.5","14742","4","<POSITION_APP>"
"2026-05-25","21:03:25","286265122","NE Patterson Park Roof","39.295385599999996","-76.5722624","39.295385599999996","-76.6246912","9","-14.0","4512","1","<NODEINFO_APP>"
"2026-05-25","21:03:25","1834451461","Meshtastic 8205","39.256063999999995","-76.48051199999999","39.295385599999996","-76.6246912","9","-14.75","13158","5","<POSITION_APP>"
"2026-05-25","21:03:25","2504275953","","39.295385599999996","-76.5722624","39.295385599999996","-76.6246912","9","-14.5","4512","4","<POSITION_APP>"
"2026-05-25","21:03:25","862413548","Meshtastic 62ec","39.2855918","-76.43972699999999","39.295385599999996","-76.6246912","9","-13.75","15955","3","<POSITION_APP>"
"2026-05-25","21:03:25","91401051","","39.295385599999996","-76.5722624","39.295385599999996","-76.6246912","9","-15.0","4512","5","<POSITION_APP>"
"2026-05-25","21:03:25","1128054492","","","","39.295385599999996","-76.6246912","9","-13.75","","2","<TELEMETRY_APP>"
"2026-05-25","21:03:25","1159022031","","","","39.295385599999996","-76.6246912","9","6.75","","3","Hi"
"2026-05-25","21:03:42","862413548","Meshtastic 62ec","39.2855918","-76.43972699999999","39.295385599999996","-76.6246912","9","-3.0","15955","1","<POSITION_APP>"
"2026-05-25","21:05:14","87736737","","39.28147","-76.61583","39.295385599999996","-76.6246912","9","-6.5","1725","5","<TELEMETRY_APP>"
"2026-05-25","21:05:40","2105866428","Meshtastic f8bc","39.2757248","-76.68367359999999","39.295385599999996","-76.6246912","9","-16.25","5527","4","<POSITION_APP>"
"2026-05-25","21:06:27","3103069974","","39.295385599999996","-76.67712","39.295385599999996","-76.6246912","9","-2.5","4512","3","<POSITION_APP>"
"2026-05-25","21:10:08","1834451461","Meshtastic 8205","39.256063999999995","-76.48051199999999","39.295385599999996","-76.6246912","9","-15.5","13158","5","<TELEMETRY_APP>"
"2026-05-25","21:10:08","1142003927","","","","39.295385599999996","-76.6246912","9","-14.5","","0","<TELEMETRY_APP>"
"2026-05-25","21:10:08","3957677525","MD Sci Ctr - 5dd5 - N3FM ","39.281349899999995","-76.61206","39.295385599999996","-76.6246912","9","-11.0","1902","6","<POSITION_APP>"
"2026-05-25","21:10:08","1159022031","","","","39.295385599999996","-76.6246912","9","6.5","","3","<NODEINFO_APP>"
"2026-05-25","21:10:08","1236687492","Meshtastic 5a84","39.23968","-76.49689599999999","39.295385599999996","-76.6246912","9","-14.75","12625","4","<POSITION_APP>"
"2026-05-25","21:10:08","468993659","","","","39.295385599999996","-76.6246912","9","-14.25","","0","<TELEMETRY_APP>"
"2026-05-25","21:10:08","1159022031","","","","39.295385599999996","-76.6246912","9","6.0","","3","<NODEINFO_APP>"
"2026-05-25","21:10:13","2105866428","Meshtastic f8bc","39.2757248","-76.68367359999999","39.295385599999996","-76.6246912","9","-13.5","5527","4","<POSITION_APP>"
"2026-05-25","21:10:56","796750397","","39.288509999999995","-76.62759","39.295385599999996","-76.6246912","9","-10.5","804","0","<NODEINFO_APP>"
"2026-05-25","21:10:58","1159022031","","","","39.295385599999996","-76.6246912","9","5.75","","3","<TELEMETRY_APP>"
"2026-05-25","21:12:25","3957677525","MD Sci Ctr - 5dd5 - N3FM ","39.281349899999995","-76.61206","39.295385599999996","-76.6246912","9","-7.75","1902","6","<TELEMETRY_APP>"
"2026-05-25","21:14:22","2352118930","Meshtastic 7c92","39.2429568","-76.5198336","39.295385599999996","-76.6246912","9","-11.75","10746","1","<POSITION_APP>"
"2026-05-25","21:14:22","862413548","Meshtastic 62ec","39.2855918","-76.43972699999999","39.295385599999996","-76.6246912","9","-11.5","15955","2","<POSITION_APP>"
"2026-05-25","21:16:55","3103069974","","39.295385599999996","-76.67712","39.295385599999996","-76.6246912","9","-5.75","4512","1","<POSITION_APP>"
"2026-05-25","21:16:55","1839566671","","38.8857856","-76.99496959999999","39.295385599999996","-76.6246912","9","-11.25","55638","0","<POSITION_APP>"
"2026-05-25","21:16:55","1159022031","","","","39.295385599999996","-76.6246912","9","5.5","","3","<NODEINFO_APP>"
"2026-05-25","21:16:55","142252772","KodiyakkRedd","","","39.295385599999996","-76.6246912","9","-3.75","","4","<NODEINFO_APP>"
"2026-05-25","21:16:55","2086355080","Meshtastic 4088","","","39.295385599999996","-76.6246912","9","-5.75","","1","<NODEINFO_APP>"
"2026-05-25","21:16:55","1834451461","Meshtastic 8205","39.256063999999995","-76.48051199999999","39.295385599999996","-76.6246912","9","-5.5","13158","3","<POSITION_APP>"
"2026-05-25","21:16:55","990803211","Meshtastic 750b","39.2921088","-76.5886464","39.295385599999996","-76.6246912","9","-6.0","3123","0","<POSITION_APP>"
"2026-05-25","21:16:55","1159022031","","","","39.295385599999996","-76.6246912","9","6.0","","3","<TELEMETRY_APP>"
"2026-05-25","21:19:12","1770278420","","39.285649299999996","-76.4396689","39.295385599999996","-76.6246912","9","-3.25","15960","0","<POSITION_APP>"
"2026-05-25","21:19:45","2105866428","Meshtastic f8bc","39.2757248","-76.68367359999999","39.295385599999996","-76.6246912","9","-2.25","5527","0","<POSITION_APP>"
"2026-05-25","21:20:21","1236687492","Meshtastic 5a84","39.23968","-76.49689599999999","39.295385599999996","-76.6246912","9","-6.0","12625","0","<POSITION_APP>"
"2026-05-25","21:20:47","1159022031","","","","39.295385599999996","-76.6246912","9","6.25","","2","<ROUTING_APP>"
"2026-05-25","21:20:50","1159022031","","","","39.295385599999996","-76.6246912","9","6.0","","2","<ROUTING_APP>"
"2026-05-25","21:21:24","1236687492","Meshtastic 5a84","39.23968","-76.49689599999999","39.295385599999996","-76.6246912","9","-4.0","12625","3","<POSITION_APP>"
"2026-05-25","21:21:41","3957677525","MD Sci Ctr - 5dd5 - N3FM ","39.281349899999995","-76.61206","39.295385599999996","-76.6246912","9","-5.75","1902","6","<POSITION_APP>"
"2026-05-25","21:22:13","2105866428","Meshtastic f8bc","39.2757248","-76.68367359999999","39.295385599999996","-76.6246912","9","-9.0","5527","4","<POSITION_APP>"
"2026-05-25","21:23:17","2550247030","Meshtastic ae76","39.288816499999996","-76.6268882","39.295385599999996","-76.6246912","9","-9.75","755","5","<POSITION_APP>"
"2026-05-25","21:24:46","862413548","Meshtastic 62ec","39.2855918","-76.43972699999999","39.295385599999996","-76.6246912","9","-3.75","15955","2","<POSITION_APP>"
"2026-05-25","21:26:55","1159022031","","39.2715105","-76.61503909999999","39.295385599999996","-76.6246912","9","7.0","2782","3","<POSITION_APP>"
"2026-05-25","21:26:55","1159022031","","39.2715105","-76.61503909999999","39.295385599999996","-76.6246912","9","6.25","2782","3","<NODEINFO_APP>"
"2026-05-25","21:30:21","1159022031","","39.2715105","-76.61503909999999","39.271392299999995","-76.6148565","54","7.25","20","3","<NODEINFO_APP>"
"2026-05-25","21:30:21","1834451461","Meshtastic 8205","39.256063999999995","-76.48051199999999","39.295385599999996","-76.6246912","54","-3.0","13158","4","<POSITION_APP>"
"2026-05-25","21:30:21","1159022031","","39.2715105","-76.61503909999999","39.295385599999996","-76.6246912","54","7.0","2782","3","<TELEMETRY_APP>"
"2026-05-25","21:30:21","142227072","","","","39.295385599999996","-76.6246912","54","-2.25","","2","<TELEMETRY_APP>"
"2026-05-25","21:30:21","2661117960","","","","39.295385599999996","-76.6246912","54","-13.0","","3","<NODEINFO_APP>"
"2026-05-25","21:30:21","3103069974","","39.295385599999996","-76.67712","39.295385599999996","-76.6246912","54","-3.0","4512","2","<POSITION_APP>"
"2026-05-25","21:30:21","1519847518","","38.404095999999996","-76.939264","39.295385599999996","-76.6246912","54","-2.75","102782","1","<POSITION_APP>"
"2026-05-25","21:44:02","544569877","","39.295385599999996","-76.6246912","39.2712891","-76.614449","24","-2.25","2821","1","<POSITION_APP>"
"2026-05-25","21:45:17","1159022031","","39.271669599999996","-76.6144003","39.2712891","-76.614449","24","6.75","43","3","<POSITION_APP>"
"2026-05-25","21:45:56","862413548","Meshtastic 62ec","39.2855918","-76.43972699999999","39.295385599999996","-76.6246912","16","6.5","15955","0","<POSITION_APP>"
"2026-05-25","21:46:03","1159022031","","39.271669599999996","-76.6144003","39.295385599999996","-76.6246912","16","5.75","2782","3","<POSITION_APP>"
"2026-05-25","21:46:12","2550247030","Meshtastic ae76","39.288816499999996","-76.6268882","39.295385599999996","-76.6246912","16","-12.25","755","5","<POSITION_APP>"
"2026-05-25","21:46:13","3662957356","","39.272448","-76.6083072","39.295385599999996","-76.6246912","16","-0.25","2914","4","<POSITION_APP>"
"2026-05-25","21:58:02","1159022031","","39.2713853","-76.6145868","39.271257999999996","-76.6145236","16","5.75","15","3","<POSITION_APP>"
"2026-05-25","21:58:02","1159022031","","39.271350999999996","-76.6145705","39.271257999999996","-76.6145236","16","5.75","11","3","<POSITION_APP>"
"2026-05-25","21:58:02","1159022031","","39.271350999999996","-76.6145705","39.271257999999996","-76.6145236","16","6.0","11","3","<NODEINFO_APP>"
"2026-05-25","21:58:02","1159022031","","39.271350999999996","-76.6145705","39.271257999999996","-76.6145236","16","6.25","11","3","<POSITION_APP>"
"2026-05-25","21:58:02","1159022031","","39.271350999999996","-76.6145705","39.2713841","-76.6145111","33","6.0","6","3","<TELEMETRY_APP>"
"2026-05-25","21:58:02","1159022031","","39.271350999999996","-76.6145705","39.271165599999996","-76.6145611","33","5.75","21","3","<POSITION_APP>"
"2026-05-25","21:58:02","1159022031","","39.271350999999996","-76.6145705","39.271692099999996","-76.614623","33","5.5","38","3","<POSITION_APP>"
"2026-05-25","21:58:02","1159022031","","39.2714123","-76.6146713","39.271692099999996","-76.614623","33","6.0","31","3","<POSITION_APP>"
"2026-05-25","21:58:02","1159022031","","39.2714123","-76.6146713","39.271363799999996","-76.6146005","27","6.5","8","3","<POSITION_APP>"
"2026-05-25","21:58:02","1159022031","","39.2714123","-76.6146713","39.271363799999996","-76.6146005","27","6.0","8","3","<POSITION_APP>"
"2026-05-25","21:58:02","1159022031","","39.2713921","-76.61462499999999","39.271363799999996","-76.6146005","27","5.75","4","3","<POSITION_APP>"
"2026-05-25","21:58:02","1159022031","","39.2713921","-76.61462499999999","39.271301799999996","-76.6144491","33","6.25","18","3","<POSITION_APP>"
"2026-05-25","21:58:02","1159022031","","39.2713921","-76.61462499999999","39.271301799999996","-76.6144491","33","5.75","18","3","Hi"
"2026-05-25","21:58:29","1159022031","","39.271402599999995","-76.6146426","39.271677499999996","-76.6148458","25","7.0","35","3","<POSITION_APP>"
"2026-05-25","21:59:09","1159022031","","39.271402599999995","-76.6146426","39.2714706","-76.6146566","31","7.0","8","3","<POSITION_APP>"
"2026-05-25","21:59:49","1159022031","","39.271402599999995","-76.6146426","39.2714706","-76.6146566","31","6.75","8","3","<POSITION_APP>"
"2026-05-25","22:00:19","1159022031","","39.271415","-76.6146643","39.2714706","-76.6146566","31","6.5","6","3","<POSITION_APP>"
"2026-05-25","22:01:02","1159022031","","39.271415","-76.6146643","39.271417","-76.61467429999999","33","5.75","1","3","<POSITION_APP>"
"2026-05-25","22:01:39","1159022031","","39.271415","-76.6146643","39.271417","-76.61467429999999","33","7.0","1","3","<POSITION_APP>"
"2026-05-25","22:02:10","1159022031","","39.271406299999995","-76.614654","39.271417","-76.61467429999999","33","6.5","2","3","<POSITION_APP>"
"2026-05-25","22:02:50","1159022031","","39.271406299999995","-76.614654","39.271417","-76.61467429999999","33","7.0","2","3","<POSITION_APP>"
"2026-05-25","22:03:30","1159022031","","39.271406299999995","-76.614654","39.271378299999995","-76.61444259999999","31","7.0","18","3","<POSITION_APP>"
"2026-05-25","22:04:00","1159022031","","39.2713648","-76.6146085","39.271378299999995","-76.61444259999999","31","5.75","14","3","<POSITION_APP>"
"2026-05-25","22:04:39","1159022031","","39.2713648","-76.6146085","39.271378299999995","-76.61444259999999","31","6.5","14","3","<POSITION_APP>"
"2026-05-25","22:05:20","1159022031","","39.2713648","-76.6146085","39.2715671","-76.6145615","29","7.0","23","3","<POSITION_APP>"
"2026-05-25","22:05:57","1159022031","","39.271348599999996","-76.614558","39.2715671","-76.6145615","29","5.5","24","3","<POSITION_APP>"
"2026-05-25","22:06:38","1159022031","","39.271348599999996","-76.614558","39.2715671","-76.6145615","29","5.75","24","3","<POSITION_APP>"
"2026-05-25","22:07:15","1159022031","","39.271348599999996","-76.614558","39.271520599999995","-76.6147371","25","7.25","25","3","<POSITION_APP>"
"2026-05-25","22:07:55","1159022031","","39.271348599999996","-76.614558","39.271520599999995","-76.6147371","25","7.5","25","3","<POSITION_APP>"
"2026-05-25","22:08:25","1159022031","","39.2714363","-76.6145835","39.271520599999995","-76.6147371","25","7.75","16","3","<POSITION_APP>"
"2026-05-25","22:08:44","1159022031","","39.2714363","-76.6145835","39.271520599999995","-76.6147371","25","6.25","16","3","<TELEMETRY_APP>"
"2026-05-25","22:16:45","1159022031","","39.2715416","-76.6145456","39.271520599999995","-76.6147371","25","7.25","17","3","<POSITION_APP>"
"2026-05-25","22:16:45","1159022031","","39.2715416","-76.6145456","39.271520599999995","-76.6147371","25","7.75","17","3","<POSITION_APP>"
"2026-05-25","22:16:45","1159022031","","39.2715416","-76.6145456","39.271520599999995","-76.6147371","25","7.0","17","3","<POSITION_APP>"
"2026-05-25","22:16:45","1159022031","","39.271541","-76.6145611","39.271520599999995","-76.6147371","25","7.75","15","3","<POSITION_APP>"
"2026-05-25","22:16:57","1159022031","","39.271558999999996","-76.614567","39.271520599999995","-76.6147371","25","5.75","15","3","<POSITION_APP>"
"2026-05-25","22:17:22","1159022031","","39.2713566","-76.6145171","39.271520599999995","-76.6147371","25","5.75","26","3","<NODEINFO_APP>"
"2026-05-25","22:17:37","1159022031","","39.271558999999996","-76.614567","39.271520599999995","-76.6147371","25","5.75","15","3","<POSITION_APP>"
"2026-05-28","05:27:49","1159022031","","39.2714755","-76.6145851","39.2713956","-76.61430829999999","28","6.0","25","3","la-1 fuck boy"
"2026-05-28","05:27:49","1159022031","","39.2714755","-76.6145851","39.2713956","-76.61430829999999","28","6.75","25","3","la-1 fuck boy"
"2026-05-28","05:27:49","1159022031","","39.2714755","-76.6145851","39.2713956","-76.61430829999999","28","6.5","25","3","la-1 fuck boy"
"2026-05-28","05:27:49","1159022031","","39.2714236","-76.61460199999999","39.2712581","-76.6145896","34","7.75","18","3","<POSITION_APP>"
"2026-05-28","05:27:49","1159022031","","39.2714236","-76.61460199999999","39.2712581","-76.6145896","34","7.75","18","3","<NODEINFO_APP>"
"2026-05-28","05:27:49","1159022031","","39.2714236","-76.61460199999999","39.2712581","-76.6145896","34","5.75","18","3","<POSITION_APP>"
"2026-05-28","05:27:49","1159022031","","39.2714236","-76.61460199999999","39.2712581","-76.6145896","34","6.25","18","3","<TELEMETRY_APP>"
"2026-05-28","05:27:49","1159022031","","39.2714236","-76.61460199999999","39.2712581","-76.6145896","34","7.25","18","3","<POSITION_APP>"
"2026-05-28","05:27:49","1159022031","","39.2714236","-76.61460199999999","39.2713483","-76.6145701","25","7.75","9","3","<POSITION_APP>"
"2026-05-28","05:27:49","1159022031","","39.2714236","-76.61460199999999","39.2713483","-76.6145701","25","6.5","9","3","hi from collar"
"2026-05-28","05:27:49","1159022031","","39.2714048","-76.6145878","39.2713483","-76.6145701","25","5.75","6","3","<POSITION_APP>"
"2026-05-28","05:27:49","1159022031","","39.2714048","-76.6145878","39.2713483","-76.6145701","25","6.75","6","3","<POSITION_APP>"
"2026-05-28","05:27:49","1159022031","","39.2714048","-76.6145878","39.2712761","-76.6146498","5","5.75","15","3","<POSITION_APP>"
"2026-05-28","05:27:49","1159022031","","39.271765599999995","-76.6172136","39.2712761","-76.6146498","5","6.5","227","3","<POSITION_APP>"
"2026-05-28","05:27:49","1159022031","","39.271765599999995","-76.6172136","39.2712761","-76.6146498","5","5.25","227","3","<POSITION_APP>"
"2026-05-28","05:27:49","1159022031","","39.271765599999995","-76.6172136","39.2712761","-76.6146498","5","6.0","227","3","hi from collar"
"2026-05-28","05:27:49","1159022031","","39.271765599999995","-76.6172136","39.2712761","-76.6146498","5","5.0","227","3","hi from collar"
"2026-05-28","05:28:12","1159022031","","39.2716491","-76.6145475","39.2713956","-76.61430829999999","28","7.5","35","3","<POSITION_APP>"
"2026-05-28","05:28:51","1159022031","","39.2716491","-76.6145475","39.2713956","-76.61430829999999","28","7.75","35","3","<POSITION_APP>"
"2026-05-28","05:29:31","1159022031","","39.2716491","-76.6145475","39.2713956","-76.61430829999999","28","7.5","35","3","<POSITION_APP>"
"2026-05-28","05:30:11","1159022031","","39.2716728","-76.61455459999999","39.2718473","-76.6146481","29","7.75","21","3","<POSITION_APP>"
"2026-05-28","05:30:51","1159022031","","39.2716728","-76.61455459999999","39.2718473","-76.6146481","29","7.5","21","3","<POSITION_APP>"
"2026-05-28","05:31:31","1159022031","","39.2716728","-76.61455459999999","39.2718473","-76.6146481","29","8.0","21","3","<POSITION_APP>"
"2026-05-28","05:32:02","1159022031","","39.2716596","-76.6145581","39.2717223","-76.614645","32","7.75","10","3","<POSITION_APP>"
"2026-05-28","05:32:41","1159022031","","39.2716596","-76.6145581","39.2717223","-76.614645","32","7.5","10","3","<POSITION_APP>"
"2026-05-28","05:33:21","1159022031","","39.2716596","-76.6145581","39.2717223","-76.614645","32","6.75","10","3","<POSITION_APP>"
"2026-05-28","05:34:01","1159022031","","39.2716596","-76.6145581","39.2717223","-76.614645","32","7.25","10","3","<POSITION_APP>"
"2026-05-28","05:34:41","1159022031","","39.271643","-76.6145471","39.2716686","-76.614505","29","7.5","5","3","<POSITION_APP>"
"2026-05-28","05:35:21","1159022031","","39.271643","-76.6145471","39.2716686","-76.614505","29","7.5","5","3","<POSITION_APP>"
"2026-05-28","05:36:01","1159022031","","39.271643","-76.6145471","39.2716686","-76.614505","29","7.5","5","3","<POSITION_APP>"
"2026-05-28","05:36:41","1159022031","","39.2715931","-76.6145738","39.2716403","-76.6146133","30","7.75","6","3","<POSITION_APP>"
"2026-05-28","05:37:21","1159022031","","39.2715931","-76.6145738","39.2716403","-76.6146133","30","7.5","6","3","<POSITION_APP>"
"2026-05-28","05:38:01","1159022031","","39.2715931","-76.6145738","39.2716403","-76.6146133","30","7.25","6","3","<POSITION_APP>"
"2026-05-28","05:38:32","1159022031","","39.2715931","-76.6145738","39.271541299999996","-76.61443609999999","34","7.5","13","3","<TELEMETRY_APP>"
"2026-05-28","05:38:41","1159022031","","39.2715203","-76.61455749999999","39.271541299999996","-76.61443609999999","34","7.5","11","3","<POSITION_APP>"
"2026-05-28","05:39:21","1159022031","","39.2715203","-76.61455749999999","39.271541299999996","-76.61443609999999","34","7.0","11","3","<POSITION_APP>"
"2026-05-28","05:40:01","1159022031","","39.2715203","-76.61455749999999","39.271541299999996","-76.61443609999999","34","7.0","11","3","<POSITION_APP>"
"2026-05-28","05:40:41","1159022031","","39.271568599999995","-76.61457709999999","39.2714338","-76.6143471","30","7.0","25","3","<POSITION_APP>"
"2026-05-28","05:41:21","1159022031","","39.271568599999995","-76.61457709999999","39.2714338","-76.6143471","30","7.5","25","3","<POSITION_APP>"
"2026-05-28","05:42:01","1159022031","","39.271568599999995","-76.61457709999999","39.2714338","-76.6143471","30","7.0","25","3","<POSITION_APP>"
"2026-05-28","05:42:41","1159022031","","39.2715768","-76.61459409999999","39.2713973","-76.6144588","31","7.5","23","3","<POSITION_APP>"
"2026-05-28","05:43:21","1159022031","","39.2715768","-76.61459409999999","39.2713973","-76.6144588","31","8.0","23","3","<POSITION_APP>"
"2026-05-28","05:44:01","1159022031","","39.2715768","-76.61459409999999","39.2713973","-76.6144588","31","7.25","23","3","<POSITION_APP>"
"2026-05-28","05:44:41","1159022031","","39.271560099999995","-76.61463549999999","39.2713973","-76.6144588","31","7.0","24","3","<POSITION_APP>"
"2026-05-28","05:45:21","1159022031","","39.271560099999995","-76.61463549999999","39.2716358","-76.61457159999999","31","7.5","10","3","<POSITION_APP>"
"2026-05-28","05:46:01","1159022031","","39.271560099999995","-76.61463549999999","39.2716358","-76.61457159999999","31","7.25","10","3","<POSITION_APP>"
"2026-05-28","05:46:41","1159022031","","39.2715478","-76.6146241","39.2715338","-76.6145605","31","7.5","6","3","<POSITION_APP>"
"2026-05-28","05:47:21","1159022031","","39.2715478","-76.6146241","39.2715338","-76.6145605","31","7.0","6","3","<POSITION_APP>"
"2026-05-28","05:48:01","1159022031","","39.2715478","-76.6146241","39.2715338","-76.6145605","31","7.25","6","3","<POSITION_APP>"
"2026-05-28","05:48:42","1159022031","","39.2715725","-76.614642","39.2715338","-76.6145605","31","7.25","8","3","<POSITION_APP>"
"2026-05-28","05:48:50","1159022031","","39.2715725","-76.614642","39.271535799999995","-76.614617","34","7.25","5","2","<TELEMETRY_APP>"
"2026-05-28","05:49:22","1159022031","","39.2715725","-76.614642","39.271535799999995","-76.614617","34","7.25","5","3","<POSITION_APP>"
"2026-05-28","05:49:36","1159022031","","39.2715725","-76.614642","39.271535799999995","-76.614617","34","6.75","5","2","<ROUTING_APP>"
"2026-05-28","05:49:38","1159022031","","39.2715725","-76.614642","39.271535799999995","-76.614617","34","7.5","5","2","<ROUTING_APP>"
"2026-05-28","05:49:51","1159022031","","39.2715725","-76.614642","39.271535799999995","-76.614617","34","7.25","5","2","<ROUTING_APP>"
"2026-05-28","05:50:02","1159022031","","39.2715725","-76.614642","39.271535799999995","-76.614617","34","7.25","5","3","<POSITION_APP>"
"2026-05-28","05:50:43","1159022031","","39.271601","-76.61462499999999","39.2716851","-76.61464959999999","32","7.0","10","3","<POSITION_APP>"
"2026-05-28","05:51:23","1159022031","","39.271601","-76.61462499999999","39.2716851","-76.61464959999999","32","6.75","10","3","<POSITION_APP>"
"2026-05-28","05:59:45","1159022031","","39.271601","-76.61462499999999","39.2716851","-76.61464959999999","32","6.25","10","3","<POSITION_APP>"
"2026-05-28","05:59:45","1159022031","","39.271598","-76.6146101","39.2717253","-76.61469579999999","30","7.25","16","3","<POSITION_APP>"
"2026-05-28","05:59:45","1159022031","","39.271598","-76.6146101","39.2717253","-76.61469579999999","30","7.0","16","3","<POSITION_APP>"
"2026-05-28","05:59:45","1159022031","","39.271598","-76.6146101","39.2717253","-76.61469579999999","30","6.25","16","3","<POSITION_APP>"
"2026-05-28","05:59:45","1159022031","","39.271585","-76.6145983","39.2719726","-76.6147393","33","6.0","45","3","<POSITION_APP>"
"2026-05-28","05:59:45","1159022031","","39.271585","-76.6145983","39.2719726","-76.6147393","33","6.75","45","3","<POSITION_APP>"
"2026-05-28","05:59:45","1159022031","","39.271585","-76.6145983","39.2719726","-76.6147393","33","7.25","45","3","<POSITION_APP>"
"2026-05-28","05:59:45","1159022031","","39.271585","-76.6145983","39.2719726","-76.6147393","33","7.5","45","3","<TELEMETRY_APP>"
"2026-05-28","05:59:45","1159022031","","39.2715853","-76.6146136","39.2719805","-76.6146303","31","7.75","44","3","<POSITION_APP>"
"2026-05-28","05:59:45","1159022031","","39.2715853","-76.6146136","39.2719805","-76.6146303","31","8.0","44","3","<POSITION_APP>"
"2026-05-28","05:59:45","1159022031","","39.2715853","-76.6146136","39.2719805","-76.6146303","31","6.75","44","3","<POSITION_APP>"
"2026-05-28","05:59:45","1159022031","","39.2715853","-76.6145985","39.2719805","-76.6146303","31","7.5","44","3","<POSITION_APP>"
"2026-05-28","05:59:45","1159022031","","39.2715853","-76.6145985","39.2719805","-76.6146303","31","7.5","44","3","<POSITION_APP>"
"2026-05-28","06:00:02","1159022031","","39.2715853","-76.6145985","39.2711446","-76.6152511","34","7.25","75","3","<POSITION_APP>"
"2026-05-28","06:00:42","1159022031","","39.271628299999996","-76.61456799999999","39.2711446","-76.6152511","34","7.0","80","3","<POSITION_APP>"
"2026-05-28","06:01:16","1159022031","","39.2715505","-76.6146718","39.2711446","-76.6152511","34","6.5","67","3","<POSITION_APP>"
"2026-05-28","06:01:41","1159022031","","39.2715505","-76.6146718","39.2711446","-76.6152511","34","6.75","67","3","<NODEINFO_APP>"
"2026-05-28","06:01:55","1159022031","","39.2715505","-76.6146718","39.2711446","-76.6152511","34","7.5","67","3","<POSITION_APP>"
"2026-05-28","06:02:10","1159022031","","39.2715505","-76.6146718","39.2711446","-76.6152511","34","5.5","67","3","<TELEMETRY_APP>"
"2026-05-28","06:02:36","1159022031","","39.2715505","-76.6146718","39.271251","-76.6144568","29","5.5","38","3","<POSITION_APP>"
"2026-05-28","06:03:56","1159022031","","39.2716138","-76.6145615","39.271251","-76.6144568","29","5.5","41","3","<POSITION_APP>"
"2026-05-28","06:04:36","1159022031","","39.2716138","-76.6145615","39.2719125","-76.6145075","31","6.25","34","3","<POSITION_APP>"
"2026-05-28","06:05:16","1159022031","","39.2716138","-76.6145615","39.2719125","-76.6145075","31","6.25","34","3","<POSITION_APP>"
"2026-05-28","06:05:56","1159022031","","39.2715831","-76.61453279999999","39.2715813","-76.614307","27","6.5","19","3","<POSITION_APP>"
"2026-05-28","06:06:36","1159022031","","39.2715831","-76.61453279999999","39.2715813","-76.614307","27","6.5","19","3","<POSITION_APP>"
"2026-05-28","06:07:16","1159022031","","39.2715831","-76.61453279999999","39.2715813","-76.614307","27","6.25","19","3","<POSITION_APP>"
"2026-05-28","06:07:57","1159022031","","39.2715913","-76.614561","39.2715381","-76.6144108","32","6.75","14","3","<POSITION_APP>"
"2026-05-28","06:08:36","1159022031","","39.2715913","-76.614561","39.2715381","-76.6144108","32","7.0","14","3","<POSITION_APP>"
"2026-05-28","06:09:16","1159022031","","39.2715913","-76.614561","39.2715381","-76.6144108","32","7.25","14","3","<POSITION_APP>"
"2026-05-28","06:09:56","1159022031","","39.2716211","-76.6145406","39.2715381","-76.6144108","32","6.5","14","3","<POSITION_APP>"
"2026-05-28","06:10:36","1159022031","","39.2716211","-76.6145406","39.2713438","-76.6145428","30","6.75","31","3","<POSITION_APP>"
"2026-05-28","06:11:16","1159022031","","39.2716211","-76.6145406","39.2713438","-76.6145428","30","7.25","31","3","<POSITION_APP>"
"2026-05-28","06:11:56","1159022031","","39.271654","-76.6145265","39.2713438","-76.6145428","30","6.5","35","3","<POSITION_APP>"
"2026-05-28","06:12:36","1159022031","","39.271654","-76.6145265","39.2713438","-76.6145428","30","7.0","35","3","<POSITION_APP>"
"2026-05-28","06:13:16","1159022031","","39.271654","-76.6145265","39.2713438","-76.6145428","30","7.0","35","3","<POSITION_APP>"
"2026-05-28","06:13:56","1159022031","","39.2716531","-76.6145676","39.2716401","-76.6146266","30","7.5","5","3","<POSITION_APP>"
"2026-05-28","06:14:36","1159022031","","39.2716531","-76.6145676","39.2716491","-76.6144925","32","7.75","6","3","<POSITION_APP>"
"2026-05-28","06:15:16","1159022031","","39.2716531","-76.6145676","39.2716491","-76.6144925","32","7.5","6","3","<POSITION_APP>"
"2026-05-28","06:15:56","1159022031","","39.2716251","-76.6145871","39.2717058","-76.6146126","35","7.5","9","3","<POSITION_APP>"
"2026-05-28","06:16:36","1159022031","","39.2716251","-76.6145871","39.2717058","-76.6146126","35","7.25","9","3","<POSITION_APP>"
"2026-05-28","06:17:16","1159022031","","39.2716251","-76.6145871","39.2717058","-76.6146126","35","7.75","9","3","<POSITION_APP>"
"2026-05-28","06:17:56","1159022031","","39.2715623","-76.61454959999999","39.2716418","-76.614623","30","7.5","11","3","<POSITION_APP>"
"2026-05-28","06:18:36","1159022031","","39.2715623","-76.61454959999999","39.2716418","-76.614623","30","8.0","11","3","<POSITION_APP>"
"2026-05-28","06:19:16","1159022031","","39.2715623","-76.61454959999999","39.271568099999996","-76.614612","31","7.0","5","3","<POSITION_APP>"
"2026-05-28","06:19:56","1159022031","","39.2715776","-76.61453949999999","39.271568099999996","-76.614612","31","5.5","6","3","<POSITION_APP>"
"2026-05-28","06:19:59","1159022031","","39.2715776","-76.61453949999999","39.271568099999996","-76.614612","31","6.25","6","3","hi from collar"
"2026-05-28","06:20:10","1159022031","","39.2715776","-76.61453949999999","39.271568099999996","-76.614612","31","7.0","6","3","<TELEMETRY_APP>"
"2026-05-28","06:20:36","1159022031","","39.2715776","-76.61453949999999","39.271568099999996","-76.614612","31","6.25","6","3","<POSITION_APP>"
"2026-05-30","20:51:05","1159022031","","39.2713566","-76.6145171","39.271568099999996","-76.614612","31","6.75","25","3","<NODEINFO_APP>"
"2026-05-30","20:51:35","1159022031","","39.2713566","-76.6145171","39.271568099999996","-76.614612","31","6.5","25","3","<TELEMETRY_APP>"
"2026-06-02","08:23:32","1159022031","","39.2713566","-76.6145171","39.271568099999996","-76.614612","31","6.0","25","3","<NODEINFO_APP>"
"2026-06-02","08:24:02","1159022031","","39.2713566","-76.6145171","39.271568099999996","-76.614612","31","6.25","25","3","<TELEMETRY_APP>"
"2026-06-02","08:32:49","1439162892","Meshtastic e20c","39.2790016","-76.6148608","39.271568099999996","-76.614612","31","-9.75","827","1","<POSITION_APP>"
"2026-06-02","08:34:07","1569037174","OtterBot meshbot and bbs","39.281","-76.618","39.271568099999996","-76.614612","31","-12.5","1089","4","<TELEMETRY_APP>"
"2026-06-02","08:39:25","1236687492","Meshtastic 5a84","39.23968","-76.49689599999999","39.271568099999996","-76.614612","31","-9.25","10738","3","<POSITION_APP>"
"2026-06-02","08:39:55","1010985439","Meshtastic 69df","39.0135808","-76.40842239999999","39.271568099999996","-76.614612","31","-3.75","33751","3","<POSITION_APP>"
"2026-06-02","08:40:49","1129781024","Meshtastic 1720","39.1317248","-76.6840576","39.271568099999996","-76.614612","31","-2.25","16662","2","<POSITION_APP>"
"2026-06-02","08:41:39","862413548","Meshtastic 62ec","39.2855918","-76.43972699999999","39.271568099999996","-76.614612","31","-4.75","15134","3","<POSITION_APP>"
"2026-06-02","08:42:20","2105866428","Meshtastic f8bc","39.2626176","-76.6705664","39.271568099999996","-76.614612","31","-3.0","4919","5","<POSITION_APP>"
"2026-06-02","08:43:04","1834451461","Meshtastic 8205","39.256063999999995","-76.48051199999999","39.271568099999996","-76.614612","31","-14.0","11673","1","<TELEMETRY_APP>"
"2026-06-02","08:44:13","2352118930","Meshtastic 7c92","39.2429568","-76.5198336","39.271568099999996","-76.614612","31","-10.75","8759","2","<POSITION_APP>"
"2026-06-02","08:44:43","2550247030","Meshtastic ae76","39.288816499999996","-76.6268882","39.271568099999996","-76.614612","31","-13.5","2190","5","<POSITION_APP>"
"2026-06-02","08:45:13","414029435","SPARK MESH FS1","","","39.271568099999996","-76.614612","31","-2.25","","4","<NODEINFO_APP>"
"2026-06-02","08:46:05","2105866428","Meshtastic f8bc","39.2757248","-76.68367359999999","39.271568099999996","-76.614612","31","-8.5","5963","2","<POSITION_APP>"
"2026-06-02","08:46:42","965900801","Meshtastic 7a01","39.2937472","-76.587008","39.271568099999996","-76.614612","31","-6.5","3424","0","<POSITION_APP>"
"2026-06-02","08:47:33","1834451461","Meshtastic 8205","39.256063999999995","-76.48051199999999","39.271568099999996","-76.614612","31","-7.25","11673","5","<POSITION_APP>"
"2026-06-02","08:47:37","1770385024","Meshtastic ee80","39.295385599999996","-76.67712","39.271568099999996","-76.614612","31","-18.75","5996","4","<STORE_FORWARD_APP>"
"2026-06-02","08:48:11","1569037174","OtterBot meshbot and bbs","39.281","-76.618","39.271568099999996","-76.614612","31","-2.0","1089","1","<NODEINFO_APP>"
"2026-06-02","08:49:07","286265122","NE Patterson Park Roof","39.295385599999996","-76.5722624","39.271568099999996","-76.614612","31","-5.25","4505","3","<POSITION_APP>"
"2026-06-02","08:49:55","1492556722","Meshtastic 9bb2","39.295385599999996","-76.5722624","39.271568099999996","-76.614612","31","-2.0","4505","4","<POSITION_APP>"
"2026-06-02","08:50:30","2105866428","Meshtastic f8bc","39.2757248","-76.68367359999999","39.271568099999996","-76.614612","31","-2.75","5963","5","<POSITION_APP>"
"2026-06-02","08:51:03","4162024403","Meshtastic 73d3","39.0004736","-76.40842239999999","39.271568099999996","-76.614612","31","-0.5","34999","1","<POSITION_APP>"
"2026-06-02","08:51:29","286265122","NE Patterson Park Roof","39.295385599999996","-76.5722624","39.271568099999996","-76.614612","31","-1.5","4505","2","<NODEINFO_APP>"
"2026-06-02","08:52:06","1492556722","Meshtastic 9bb2","39.295385599999996","-76.5722624","39.271568099999996","-76.614612","31","-13.75","4505","0","<POSITION_APP>"
"2026-06-02","08:52:16","2721954273","Meshtastic b9e1","","","39.271568099999996","-76.614612","31","-1.0","","1","<TELEMETRY_APP>"
"2026-06-02","08:52:36","3841429812","Meshtastic 9134","39.295385599999996","-76.5722624","39.271568099999996","-76.614612","31","-4.25","4505","2","<POSITION_APP>"
"2026-06-02","08:55:40","990803211","Meshtastic 750b","39.2921088","-76.5886464","39.271568099999996","-76.614612","31","-5.0","3196","1","<POSITION_APP>"
"2026-06-02","08:56:26","1770356028","Meshtastic 7d3c","39.2429568","-76.6246912","39.271568099999996","-76.614612","31","-5.75","3298","6","<POSITION_APP>"
"2026-06-02","10:52:07","1159022031","","39.295385599999996","-76.6246912","39.2716855","-76.61466349999999","23","6.0","2773","3","<NODEINFO_APP>"
"2026-06-02","10:52:25","1159022031","","39.295385599999996","-76.6246912","39.2716855","-76.61466349999999","23","6.25","2773","3","<TELEMETRY_APP>"
"2026-06-02","10:55:47","1159022031","","39.295385599999996","-76.6246912","39.2715278","-76.614593","23","6.0","2792","3","<POSITION_APP>"
"2026-06-02","10:56:25","1159022031","","39.295385599999996","-76.6246912","39.2717548","-76.6145476","19","5.0","2769","3","<POSITION_APP>"
"2026-06-02","10:57:05","1159022031","","39.295385599999996","-76.6246912","39.2717548","-76.6145476","19","6.25","2769","3","<POSITION_APP>"
"2026-06-02","10:57:45","1159022031","","39.295385599999996","-76.6246912","39.2717548","-76.6145476","19","6.0","2769","3","<POSITION_APP>"
"2026-06-02","10:58:25","1159022031","","39.295385599999996","-76.6246912","39.2715421","-76.6146078","25","6.5","2790","3","<POSITION_APP>"
"2026-06-02","10:59:06","1159022031","","39.295385599999996","-76.6246912","39.2715421","-76.6146078","25","6.0","2790","3","<POSITION_APP>"
"2026-06-02","10:59:46","1159022031","","39.295385599999996","-76.6246912","39.2715421","-76.6146078","25","6.5","2790","3","<POSITION_APP>"
"2026-06-02","11:00:25","1159022031","","39.295385599999996","-76.6246912","39.2718941","-76.6146766","23","6.0","2751","3","<POSITION_APP>"
"2026-06-02","11:01:05","1159022031","","39.295385599999996","-76.6246912","39.2718941","-76.6146766","23","5.5","2751","3","<POSITION_APP>"
"2026-06-02","11:01:47","1159022031","","39.295385599999996","-76.6246912","39.2718941","-76.6146766","23","6.75","2751","3","<POSITION_APP>"
"2026-06-02","11:02:25","1159022031","","39.295385599999996","-76.6246912","39.2718941","-76.6146766","23","6.5","2751","3","<POSITION_APP>"
"2026-06-02","11:03:05","1159022031","","39.295385599999996","-76.6246912","39.271590499999995","-76.6146163","21","5.5","2784","3","<POSITION_APP>"
"2026-06-02","11:03:46","1159022031","","39.295385599999996","-76.6246912","39.271590499999995","-76.6146163","21","5.75","2784","3","<POSITION_APP>"
"2026-06-02","11:04:25","1159022031","","39.295385599999996","-76.6246912","39.271590499999995","-76.6146163","21","5.5","2784","3","<POSITION_APP>"
"2026-06-02","11:05:05","1159022031","","39.295385599999996","-76.6246912","39.2716111","-76.6145665","22","5.75","2784","3","<POSITION_APP>"
"2026-06-02","11:05:45","1159022031","","39.295385599999996","-76.6246912","39.2716111","-76.6145665","22","5.5","2784","3","<POSITION_APP>"
"2026-06-02","11:06:25","1159022031","","39.295385599999996","-76.6246912","39.2716111","-76.6145665","22","5.25","2784","3","<POSITION_APP>"
"2026-06-02","11:07:05","1159022031","","39.295385599999996","-76.6246912","39.2716163","-76.6146691","30","6.75","2780","3","<POSITION_APP>"
"2026-06-02","11:07:47","1159022031","","39.295385599999996","-76.6246912","39.2716163","-76.6146691","30","6.0","2780","3","<POSITION_APP>"
"2026-06-02","11:08:25","1159022031","","39.295385599999996","-76.6246912","39.2716163","-76.6146691","30","5.5","2780","3","<POSITION_APP>"
"2026-06-02","11:09:05","1159022031","","39.295385599999996","-76.6246912","39.271944","-76.61498329999999","20","5.75","2737","3","<POSITION_APP>"
"2026-06-02","11:09:45","1159022031","","39.295385599999996","-76.6246912","39.271944","-76.61498329999999","20","7.75","2737","3","<POSITION_APP>"
"2026-06-03","08:34:09","1159022031","","39.295385599999996","-76.6246912","39.2715898","-76.6146456","25","6.0","2784","3","<NODEINFO_APP>"
"2026-06-03","08:34:09","1159022031","","39.295385599999996","-76.6246912","39.2715898","-76.6146456","25","5.5","2784","3","<TELEMETRY_APP>"
"2026-06-03","08:34:09","1159022031","","39.295385599999996","-76.6246912","39.2715898","-76.6146456","25","6.25","2784","3","<POSITION_APP>"
"2026-06-03","08:34:09","1159022031","","39.295385599999996","-76.6246912","39.2715898","-76.6146456","25","5.75","2784","3","<POSITION_APP>"
"2026-06-03","08:35:08","1159022031","","39.295385599999996","-76.6246912","39.271551099999996","-76.6147123","8","5.5","2786","3","<POSITION_APP>"
"2026-06-03","08:35:43","1159022031","","39.295385599999996","-76.6246912","39.271551099999996","-76.6147123","8","6.75","2786","3","<POSITION_APP>"
"2026-06-03","08:36:23","1159022031","","39.295385599999996","-76.6246912","39.271551099999996","-76.6147123","8","6.25","2786","3","<POSITION_APP>"
"2026-06-03","08:37:03","1159022031","","39.295385599999996","-76.6246912","39.271551099999996","-76.6147123","8","6.25","2786","3","<POSITION_APP>"
"2026-06-03","08:37:44","1159022031","","39.295385599999996","-76.6246912","39.271551099999996","-76.6147123","8","6.25","2786","3","<POSITION_APP>"
"2026-06-03","08:38:24","1159022031","","39.295385599999996","-76.6246912","39.2715865","-76.61447799999999","-16","6.5","2789","3","<POSITION_APP>"
"2026-06-03","08:39:04","1159022031","","39.295385599999996","-76.6246912","39.2715865","-76.61447799999999","-16","5.75","2789","3","<POSITION_APP>"
"2026-06-03","08:39:43","1159022031","","39.295385599999996","-76.6246912","39.2715865","-76.61447799999999","-16","6.0","2789","3","<POSITION_APP>"
"2026-06-03","08:40:23","1159022031","","39.295385599999996","-76.6246912","39.271538","-76.61449859999999","-29","6.0","2793","3","<POSITION_APP>"
"2026-06-03","08:41:03","1159022031","","39.295385599999996","-76.6246912","39.271538","-76.61449859999999","-29","6.0","2793","3","<POSITION_APP>"
"2026-06-03","08:41:44","1159022031","","39.295385599999996","-76.6246912","39.271538","-76.61449859999999","-29","6.5","2793","3","<POSITION_APP>"
"2026-06-03","08:42:24","1159022031","","39.295385599999996","-76.6246912","39.2715175","-76.6145126","-31","5.75","2795","3","<POSITION_APP>"
"2026-06-03","08:43:04","1159022031","","39.295385599999996","-76.6246912","39.2715175","-76.6145126","-31","6.0","2795","3","<POSITION_APP>"
"2026-06-03","08:43:44","1159022031","","39.295385599999996","-76.6246912","39.2715175","-76.6145126","-31","5.75","2795","3","<POSITION_APP>"
"2026-06-03","08:44:24","1159022031","","39.295385599999996","-76.6246912","39.2716183","-76.6145803","-15","5.75","2782","3","<POSITION_APP>"
"2026-06-03","08:45:04","1159022031","","39.295385599999996","-76.6246912","39.2716183","-76.6145803","-15","6.0","2782","3","<POSITION_APP>"
"2026-06-03","08:45:44","1159022031","","39.295385599999996","-76.6246912","39.2716183","-76.6145803","-15","7.0","2782","3","<POSITION_APP>"
"2026-06-03","08:46:24","1159022031","","39.295385599999996","-76.6246912","39.271407499999995","-76.614558","-38","6.0","2805","3","<POSITION_APP>"
"2026-06-03","08:47:04","1159022031","","39.295385599999996","-76.6246912","39.271407499999995","-76.614558","-38","5.75","2805","3","<POSITION_APP>"
"2026-06-03","08:47:44","1159022031","","39.295385599999996","-76.6246912","39.271407499999995","-76.614558","-38","5.75","2805","3","<POSITION_APP>"
"2026-06-03","08:48:24","1159022031","","39.295385599999996","-76.6246912","39.2715855","-76.61461349999999","-16","6.5","2785","3","<POSITION_APP>"
"2026-06-03","08:49:44","1159022031","","39.295385599999996","-76.6246912","39.2715855","-76.61461349999999","-16","5.75","2785","3","<POSITION_APP>"
"2026-06-03","08:50:24","1159022031","","39.295385599999996","-76.6246912","39.271627599999995","-76.6145968","1","6.5","2781","3","<POSITION_APP>"
"2026-06-03","08:51:04","1159022031","","39.295385599999996","-76.6246912","39.271627599999995","-76.6145968","1","6.0","2781","3","<POSITION_APP>"
"2026-06-03","08:52:24","1159022031","","39.295385599999996","-76.6246912","39.271627599999995","-76.6145968","1","5.5","2781","3","<POSITION_APP>"
"2026-06-03","08:53:03","1159022031","","39.295385599999996","-76.6246912","39.2713138","-76.614587","-5","6.25","2814","3","<POSITION_APP>"
"2026-06-03","08:53:44","1159022031","","39.295385599999996","-76.6246912","39.2713138","-76.614587","-5","5.75","2814","3","<POSITION_APP>"
"2026-06-03","08:54:24","1159022031","","39.295385599999996","-76.6246912","39.2713138","-76.614587","-5","5.75","2814","3","<POSITION_APP>"
"2026-06-03","08:55:04","1159022031","","39.295385599999996","-76.6246912","39.2716245","-76.6144916","33","6.0","2784","3","<POSITION_APP>"
"2026-06-03","08:55:44","1159022031","","39.295385599999996","-76.6246912","39.2716245","-76.6144916","33","5.75","2784","3","<POSITION_APP>"
"2026-06-03","08:56:24","1159022031","","39.295385599999996","-76.6246912","39.2716245","-76.6144916","33","5.75","2784","3","<POSITION_APP>"
"2026-06-03","08:57:04","1159022031","","39.295385599999996","-76.6246912","39.2716245","-76.6144916","33","6.5","2784","3","<POSITION_APP>"
"2026-06-03","08:57:44","1159022031","","39.295385599999996","-76.6246912","39.2716245","-76.6144916","33","6.75","2784","3","<POSITION_APP>"
"2026-06-03","08:58:24","1159022031","","39.295385599999996","-76.6246912","39.271781","-76.614603","24","5.5","2765","3","<POSITION_APP>"
"2026-06-03","08:59:44","1159022031","","39.295385599999996","-76.6246912","39.271781","-76.614603","24","5.5","2765","3","<POSITION_APP>"
"2026-06-03","09:00:23","1159022031","","39.295385599999996","-76.6246912","39.2714016","-76.6145641","9","2.25","2806","3","<POSITION_APP>"
"2026-06-03","09:01:04","1159022031","","39.295385599999996","-76.6246912","39.2714016","-76.6145641","9","6.0","2806","3","<POSITION_APP>"
"2026-06-03","09:01:45","1159022031","","39.295385599999996","-76.6246912","39.2714016","-76.6145641","9","5.75","2806","3","<POSITION_APP>"
"2026-06-03","09:02:24","1159022031","","39.295385599999996","-76.6246912","39.2715685","-76.61462329999999","9","6.25","2786","3","<POSITION_APP>"
"2026-06-03","09:03:04","1159022031","","39.295385599999996","-76.6246912","39.2715685","-76.61462329999999","9","7.0","2786","3","<POSITION_APP>"
"2026-06-03","09:03:44","1159022031","","39.295385599999996","-76.6246912","39.271498799999996","-76.6144678","40","6.0","2798","3","<POSITION_APP>"
"2026-06-03","09:04:24","1159022031","","39.295385599999996","-76.6246912","39.271498799999996","-76.6144678","40","6.5","2798","3","<POSITION_APP>"
"2026-06-03","09:05:04","1159022031","","39.295385599999996","-76.6246912","39.271498799999996","-76.6144678","40","6.5","2798","3","<POSITION_APP>"
"2026-06-03","09:05:44","1159022031","","39.295385599999996","-76.6246912","39.2715301","-76.61446649999999","40","6.25","2795","3","<POSITION_APP>"
"2026-06-03","09:06:24","1159022031","","39.295385599999996","-76.6246912","39.2715301","-76.61446649999999","40","6.0","2795","3","<POSITION_APP>"
"2026-06-03","09:07:04","1159022031","","39.295385599999996","-76.6246912","39.2715301","-76.61446649999999","40","6.25","2795","3","<POSITION_APP>"
"2026-06-03","09:07:44","1159022031","","39.295385599999996","-76.6246912","39.2715301","-76.61446649999999","40","5.75","2795","3","<POSITION_APP>"
"2026-06-03","09:08:22","1159022031","","39.295385599999996","-76.6246912","39.271608799999996","-76.6144928","25","7.25","2786","3","<TELEMETRY_APP>"
"2026-06-03","09:08:23","1159022031","","39.295385599999996","-76.6246912","39.271608799999996","-76.6144928","25","6.0","2786","3","<POSITION_APP>"
"2026-06-03","09:09:04","1159022031","","39.295385599999996","-76.6246912","39.271608799999996","-76.6144928","25","6.0","2786","3","<POSITION_APP>"
"2026-06-03","09:09:44","1159022031","","39.295385599999996","-76.6246912","39.271608799999996","-76.6144928","25","5.75","2786","3","<POSITION_APP>"
"2026-06-03","09:10:25","1159022031","","39.295385599999996","-76.6246912","39.271016599999996","-76.614642","-8","6.25","2844","3","<POSITION_APP>"
"2026-06-03","09:11:05","1159022031","","39.295385599999996","-76.6246912","39.271016599999996","-76.614642","-8","6.5","2844","3","<POSITION_APP>"
"2026-06-03","09:11:44","1159022031","","39.295385599999996","-76.6246912","39.271445799999995","-76.6143361","49","6.0","2807","3","<POSITION_APP>"
"2026-06-03","09:13:05","1159022031","","39.295385599999996","-76.6246912","39.271445799999995","-76.6143361","49","5.75","2807","3","<POSITION_APP>"
"2026-06-03","09:13:45","1159022031","","39.295385599999996","-76.6246912","39.271445799999995","-76.6143361","49","5.75","2807","3","<POSITION_APP>"
"2026-06-03","09:14:24","1159022031","","39.295385599999996","-76.6246912","39.271073799999996","-76.6146918","-29","6.0","2837","3","<POSITION_APP>"
"2026-06-03","09:15:03","1159022031","","39.295385599999996","-76.6246912","39.271073799999996","-76.6146918","-29","6.0","2837","3","<POSITION_APP>"
"2026-06-03","09:15:44","1159022031","","39.295385599999996","-76.6246912","39.271073799999996","-76.6146918","-29","7.0","2837","3","<POSITION_APP>"
"2026-06-03","09:16:24","1159022031","","39.295385599999996","-76.6246912","39.271073799999996","-76.6146918","-29","7.0","2837","3","<POSITION_APP>"
"2026-06-03","09:17:04","1159022031","","39.295385599999996","-76.6246912","39.271073799999996","-76.6146918","-29","7.5","2837","3","<POSITION_APP>"
"2026-06-03","09:17:45","1159022031","","39.295385599999996","-76.6246912","39.271073799999996","-76.6146918","-29","5.75","2837","3","<POSITION_APP>"
"2026-06-03","09:18:24","1159022031","","39.295385599999996","-76.6246912","39.271073799999996","-76.6146918","-29","6.25","2837","3","<POSITION_APP>"
"2026-06-03","09:19:04","1159022031","","39.295385599999996","-76.6246912","39.271073799999996","-76.6146918","-29","6.5","2837","3","<POSITION_APP>"
"2026-06-03","09:19:44","1159022031","","39.295385599999996","-76.6246912","39.271073799999996","-76.6146918","-29","6.0","2837","3","<POSITION_APP>"
"2026-06-03","09:20:24","1159022031","","39.295385599999996","-76.6246912","39.271073799999996","-76.6146918","-29","6.25","2837","3","<POSITION_APP>"
"2026-06-03","09:21:04","1159022031","","39.295385599999996","-76.6246912","39.271073799999996","-76.6146918","-29","6.0","2837","3","<POSITION_APP>"
"2026-06-03","09:22:24","1159022031","","39.295385599999996","-76.6246912","39.271073799999996","-76.6146918","-29","6.5","2837","3","<POSITION_APP>"
"2026-06-03","09:23:05","1159022031","","39.295385599999996","-76.6246912","39.271073799999996","-76.6146918","-29","7.0","2837","3","<POSITION_APP>"
"2026-06-03","09:23:45","1159022031","","39.295385599999996","-76.6246912","39.271073799999996","-76.6146918","-29","6.25","2837","3","<POSITION_APP>"
"2026-06-03","09:24:24","1159022031","","39.295385599999996","-76.6246912","39.271073799999996","-76.6146918","-29","6.75","2837","3","<POSITION_APP>"
"2026-06-03","09:25:03","1159022031","","39.295385599999996","-76.6246912","39.271073799999996","-76.6146918","-29","5.75","2837","3","<POSITION_APP>"
"2026-06-03","09:25:43","1159022031","","39.295385599999996","-76.6246912","39.271073799999996","-76.6146918","-29","2.0","2837","3","<POSITION_APP>"
"2026-06-03","09:26:24","1159022031","","39.295385599999996","-76.6246912","39.271073799999996","-76.6146918","-29","6.25","2837","3","<POSITION_APP>"
"2026-06-03","09:26:53","1159022031","","39.295385599999996","-76.6246912","39.271073799999996","-76.6146918","-29","6.75","2837","3","<POSITION_APP>"
"2026-06-03","09:27:33","1159022031","","39.295385599999996","-76.6246912","39.271073799999996","-76.6146918","-29","6.75","2837","3","<POSITION_APP>"
"2026-06-03","09:28:13","1159022031","","39.295385599999996","-76.6246912","39.271073799999996","-76.6146918","-29","6.25","2837","3","<POSITION_APP>"
"2026-06-03","09:28:46","1159022031","","39.295385599999996","-76.6246912","39.271073799999996","-76.6146918","-29","6.5","2837","3","<POSITION_APP>"
"2026-06-03","09:29:23","1159022031","","39.295385599999996","-76.6246912","39.271073799999996","-76.6146918","-29","6.0","2837","3","<POSITION_APP>"
"2026-06-03","09:30:03","1159022031","","39.295385599999996","-76.6246912","39.271073799999996","-76.6146918","-29","6.5","2837","3","<POSITION_APP>"
"2026-06-03","09:30:43","1159022031","","39.295385599999996","-76.6246912","39.271073799999996","-76.6146918","-29","6.25","2837","3","<POSITION_APP>"
"2026-06-03","09:31:24","1159022031","","39.295385599999996","-76.6246912","39.271073799999996","-76.6146918","-29","7.0","2837","3","<POSITION_APP>"
"2026-06-03","09:32:03","1159022031","","39.295385599999996","-76.6246912","39.271073799999996","-76.6146918","-29","7.25","2837","3","<POSITION_APP>"
"2026-06-03","09:32:44","1159022031","","39.295385599999996","-76.6246912","39.271073799999996","-76.6146918","-29","6.0","2837","3","<POSITION_APP>"
"2026-06-03","09:33:23","1159022031","","39.295385599999996","-76.6246912","39.271073799999996","-76.6146918","-29","7.25","2837","3","<POSITION_APP>"
"2026-06-03","09:34:03","1159022031","","39.295385599999996","-76.6246912","39.271073799999996","-76.6146918","-29","6.25","2837","3","<POSITION_APP>"
"2026-06-03","09:34:43","1159022031","","39.295385599999996","-76.6246912","39.271073799999996","-76.6146918","-29","6.25","2837","3","<POSITION_APP>"
"2026-06-03","09:35:24","1159022031","","39.295385599999996","-76.6246912","39.271073799999996","-76.6146918","-29","7.0","2837","3","<POSITION_APP>"
"2026-06-03","09:36:03","1159022031","","39.295385599999996","-76.6246912","39.271073799999996","-76.6146918","-29","6.5","2837","3","<POSITION_APP>"
"2026-06-03","09:36:43","1159022031","","39.295385599999996","-76.6246912","39.271073799999996","-76.6146918","-29","6.25","2837","3","<POSITION_APP>"
"2026-06-03","09:37:23","1159022031","","39.295385599999996","-76.6246912","39.271073799999996","-76.6146918","-29","6.5","2837","3","<POSITION_APP>"
"2026-06-03","09:38:03","1159022031","","39.295385599999996","-76.6246912","39.271073799999996","-76.6146918","-29","6.75","2837","3","<POSITION_APP>"
"2026-06-03","09:38:43","1159022031","","39.295385599999996","-76.6246912","39.271073799999996","-76.6146918","-29","6.25","2837","3","<POSITION_APP>"
"2026-06-03","09:39:23","1159022031","","39.295385599999996","-76.6246912","39.271073799999996","-76.6146918","-29","6.25","2837","3","<POSITION_APP>"
"2026-06-03","09:40:03","1159022031","","39.295385599999996","-76.6246912","39.271073799999996","-76.6146918","-29","6.75","2837","3","<POSITION_APP>"
"2026-06-03","09:40:43","1159022031","","39.295385599999996","-76.6246912","39.271073799999996","-76.6146918","-29","6.75","2837","3","<POSITION_APP>"
"2026-06-03","09:41:23","1159022031","","39.295385599999996","-76.6246912","39.271073799999996","-76.6146918","-29","7.0","2837","3","<POSITION_APP>"
"2026-06-03","09:42:03","1159022031","","39.295385599999996","-76.6246912","39.271073799999996","-76.6146918","-29","7.0","2837","3","<POSITION_APP>"
"2026-06-03","09:42:43","1159022031","","39.295385599999996","-76.6246912","39.271073799999996","-76.6146918","-29","6.0","2837","3","<POSITION_APP>"
"2026-06-03","09:43:24","1159022031","","39.295385599999996","-76.6246912","39.271073799999996","-76.6146918","-29","6.25","2837","3","<POSITION_APP>"
"2026-06-03","09:44:03","1159022031","","39.295385599999996","-76.6246912","39.271073799999996","-76.6146918","-29","6.5","2837","3","<POSITION_APP>"
"2026-06-03","09:44:22","1159022031","","39.295385599999996","-76.6246912","39.271073799999996","-76.6146918","-29","7.25","2837","3","<TELEMETRY_APP>"
"2026-06-03","09:44:44","1159022031","","39.295385599999996","-76.6246912","39.271073799999996","-76.6146918","-29","7.0","2837","3","<POSITION_APP>"
"2026-06-03","09:45:23","1159022031","","39.295385599999996","-76.6246912","39.271073799999996","-76.6146918","-29","7.0","2837","3","<POSITION_APP>"
"2026-06-03","09:46:03","1159022031","","39.295385599999996","-76.6246912","39.271073799999996","-76.6146918","-29","6.75","2837","3","<POSITION_APP>"
"2026-06-03","09:46:44","1159022031","","39.295385599999996","-76.6246912","39.271073799999996","-76.6146918","-29","6.75","2837","3","<POSITION_APP>"
"2026-06-03","09:47:24","1159022031","","39.295385599999996","-76.6246912","39.271073799999996","-76.6146918","-29","7.0","2837","3","<POSITION_APP>"
"2026-06-03","09:48:03","1159022031","","39.295385599999996","-76.6246912","39.271073799999996","-76.6146918","-29","6.75","2837","3","<POSITION_APP>"
"2026-06-03","09:48:43","1159022031","","39.295385599999996","-76.6246912","39.271073799999996","-76.6146918","-29","6.75","2837","3","<POSITION_APP>"
"2026-06-03","09:49:24","1159022031","","39.295385599999996","-76.6246912","39.271073799999996","-76.6146918","-29","7.25","2837","3","<POSITION_APP>"
"2026-06-03","09:50:03","1159022031","","39.295385599999996","-76.6246912","39.271073799999996","-76.6146918","-29","7.0","2837","3","<POSITION_APP>"
"2026-06-03","09:50:44","1159022031","","39.295385599999996","-76.6246912","39.271073799999996","-76.6146918","-29","7.25","2837","3","<POSITION_APP>"
"2026-06-03","09:51:24","1159022031","","39.295385599999996","-76.6246912","39.271073799999996","-76.6146918","-29","6.0","2837","3","<POSITION_APP>"
"2026-06-03","09:52:04","1159022031","","39.295385599999996","-76.6246912","39.271073799999996","-76.6146918","-29","6.5","2837","3","<POSITION_APP>"
"2026-06-03","09:52:43","1159022031","","39.295385599999996","-76.6246912","39.271073799999996","-76.6146918","-29","6.5","2837","3","<POSITION_APP>"
"2026-06-03","09:53:24","1159022031","","39.295385599999996","-76.6246912","39.271073799999996","-76.6146918","-29","7.0","2837","3","<POSITION_APP>"
"2026-06-03","09:54:04","1159022031","","39.295385599999996","-76.6246912","39.271073799999996","-76.6146918","-29","6.75","2837","3","<POSITION_APP>"
"2026-06-03","09:54:44","1159022031","","39.295385599999996","-76.6246912","39.2709208","-76.614511","-42","7.0","2858","3","<POSITION_APP>"
"2026-06-03","09:55:24","1159022031","","39.295385599999996","-76.6246912","39.2712021","-76.6145501","-22","7.0","2827","3","<POSITION_APP>"
"2026-06-03","09:56:04","1159022031","","39.295385599999996","-76.6246912","39.271439","-76.614667","-11","6.75","2799","3","<POSITION_APP>"
"2026-06-03","09:56:44","1159022031","","39.295385599999996","-76.6246912","39.27148","-76.61462829999999","-19","6.25","2796","3","<POSITION_APP>"
"2026-06-03","09:57:24","1159022031","","39.295385599999996","-76.6246912","39.27148","-76.61462829999999","-19","7.25","2796","3","<POSITION_APP>"
"2026-06-03","09:58:04","1159022031","","39.295385599999996","-76.6246912","39.27148","-76.61462829999999","-19","7.0","2796","3","<POSITION_APP>"
"2026-06-03","09:58:44","1159022031","","39.295385599999996","-76.6246912","39.27148","-76.61462829999999","-19","7.25","2796","3","<POSITION_APP>"
"2026-06-03","09:59:24","1159022031","","39.295385599999996","-76.6246912","39.271757799999996","-76.6145696","-9","6.75","2768","3","<POSITION_APP>"
"2026-06-03","10:00:04","1159022031","","39.295385599999996","-76.6246912","39.271757799999996","-76.6145696","-9","7.0","2768","3","<POSITION_APP>"
"2026-06-03","10:00:44","1159022031","","39.295385599999996","-76.6246912","39.271757799999996","-76.6145696","-9","6.75","2768","3","<POSITION_APP>"
"2026-06-03","10:01:24","1159022031","","39.295385599999996","-76.6246912","39.2716031","-76.6146241","-6","7.0","2783","3","<POSITION_APP>"
"2026-06-03","10:02:04","1159022031","","39.295385599999996","-76.6246912","39.2716031","-76.6146241","-6","6.75","2783","3","<POSITION_APP>"
"2026-06-03","10:02:44","1159022031","","39.295385599999996","-76.6246912","39.2716031","-76.6146241","-6","7.0","2783","3","<POSITION_APP>"
"2026-06-03","10:03:24","1159022031","","39.295385599999996","-76.6246912","39.2716031","-76.6146241","-6","6.5","2783","3","<POSITION_APP>"
"2026-06-03","10:04:04","1159022031","","39.295385599999996","-76.6246912","39.2714356","-76.61460559999999","-15","6.25","2801","3","<POSITION_APP>"
"2026-06-03","10:04:44","1159022031","","39.295385599999996","-76.6246912","39.2714491","-76.614707","-15","6.75","2797","3","<POSITION_APP>"
"2026-06-03","10:05:24","1159022031","","39.295385599999996","-76.6246912","39.2714491","-76.614707","-15","6.5","2797","3","<POSITION_APP>"
"2026-06-03","10:06:04","1159022031","","39.295385599999996","-76.6246912","39.2714881","-76.6141525","-12","6.25","2808","3","<POSITION_APP>"
"2026-06-03","10:06:44","1159022031","","39.295385599999996","-76.6246912","39.2714881","-76.6141525","-12","6.5","2808","3","<POSITION_APP>"
"2026-06-03","10:07:24","1159022031","","39.295385599999996","-76.6246912","39.2711763","-76.6147563","-15","7.0","2824","3","<POSITION_APP>"
"2026-06-03","10:08:04","1159022031","","39.295385599999996","-76.6246912","39.2711763","-76.6147563","-15","5.25","2824","3","<POSITION_APP>"
"2026-06-03","10:08:44","1159022031","","39.295385599999996","-76.6246912","39.2711763","-76.6147563","-15","6.75","2824","3","<POSITION_APP>"
"2026-06-03","10:09:24","1159022031","","39.295385599999996","-76.6246912","39.271514499999995","-76.61466949999999","-13","6.25","2791","3","<POSITION_APP>"
"2026-06-03","10:10:05","1159022031","","39.295385599999996","-76.6246912","39.271514499999995","-76.61466949999999","-13","6.5","2791","3","<POSITION_APP>"
"2026-06-03","10:10:44","1159022031","","39.295385599999996","-76.6246912","39.271514499999995","-76.61466949999999","-13","6.25","2791","3","<POSITION_APP>"
"2026-06-03","10:11:24","1159022031","","39.295385599999996","-76.6246912","39.271514499999995","-76.61466949999999","-13","7.0","2791","3","<POSITION_APP>"
"2026-06-03","10:12:05","1159022031","","39.295385599999996","-76.6246912","39.271514499999995","-76.61466949999999","-13","6.75","2791","3","<POSITION_APP>"
"2026-06-03","10:12:44","1159022031","","39.295385599999996","-76.6246912","39.2712406","-76.614691","-19","6.75","2819","3","<POSITION_APP>"
"2026-06-03","10:13:24","1159022031","","39.295385599999996","-76.6246912","39.2712406","-76.614691","-19","6.5","2819","3","<POSITION_APP>"
"2026-06-03","10:14:04","1159022031","","39.295385599999996","-76.6246912","39.2712406","-76.614691","-19","6.75","2819","3","<POSITION_APP>"
"2026-06-03","10:14:44","1159022031","","39.295385599999996","-76.6246912","39.2712406","-76.614691","-19","7.0","2819","3","<POSITION_APP>"
"2026-06-03","10:15:24","1159022031","","39.295385599999996","-76.6246912","39.2712406","-76.614691","-19","6.5","2819","3","<POSITION_APP>"
"2026-06-03","10:16:04","1159022031","","39.295385599999996","-76.6246912","39.2712406","-76.614691","-19","6.25","2819","3","<POSITION_APP>"
"2026-06-03","10:16:44","1159022031","","39.295385599999996","-76.6246912","39.2712406","-76.614691","-19","7.0","2819","3","<POSITION_APP>"
"2026-06-03","10:17:24","1159022031","","39.295385599999996","-76.6246912","39.2712406","-76.614691","-19","7.25","2819","3","<POSITION_APP>"
"2026-06-03","10:18:04","1159022031","","39.295385599999996","-76.6246912","39.2712406","-76.614691","-19","7.0","2819","3","<POSITION_APP>"
"2026-06-03","10:18:45","1159022031","","39.295385599999996","-76.6246912","39.2712406","-76.614691","-19","6.5","2819","3","<POSITION_APP>"
"2026-06-03","10:19:24","1159022031","","39.295385599999996","-76.6246912","39.2712406","-76.614691","-19","6.25","2819","3","<POSITION_APP>"
"2026-06-03","10:20:04","1159022031","","39.295385599999996","-76.6246912","39.2712406","-76.614691","-19","5.75","2819","3","<POSITION_APP>"
"2026-06-03","10:20:22","1159022031","","39.295385599999996","-76.6246912","39.271232499999996","-76.6145641","-20","6.75","2824","3","<TELEMETRY_APP>"
"2026-06-03","10:20:44","1159022031","","39.295385599999996","-76.6246912","39.271232499999996","-76.6145641","-20","6.75","2824","3","<POSITION_APP>"
"2026-06-03","10:21:24","1159022031","","39.295385599999996","-76.6246912","39.271232499999996","-76.6145641","-20","6.75","2824","3","<POSITION_APP>"
"2026-06-03","10:22:04","1159022031","","39.295385599999996","-76.6246912","39.271232499999996","-76.6145641","-20","6.5","2824","3","<POSITION_APP>"
"2026-06-03","10:22:45","1159022031","","39.295385599999996","-76.6246912","39.271232499999996","-76.6145641","-20","6.25","2824","3","<POSITION_APP>"
"2026-06-03","10:23:24","1159022031","","39.295385599999996","-76.6246912","39.271232499999996","-76.6145641","-20","5.5","2824","3","<POSITION_APP>"
"2026-06-03","10:24:04","1159022031","","39.295385599999996","-76.6246912","39.271232499999996","-76.6145641","-20","6.75","2824","3","<POSITION_APP>"
"2026-06-03","10:24:44","1159022031","","39.295385599999996","-76.6246912","39.2716395","-76.6145313","-15","6.75","2781","3","<POSITION_APP>"
"2026-06-03","10:25:25","1159022031","","39.295385599999996","-76.6246912","39.2716395","-76.6145313","-15","7.25","2781","3","<POSITION_APP>"
"2026-06-03","10:26:04","1159022031","","39.295385599999996","-76.6246912","39.2716395","-76.6145313","-15","6.5","2781","3","<POSITION_APP>"
"2026-06-03","10:26:45","1159022031","","39.295385599999996","-76.6246912","39.2716395","-76.6145313","-15","6.75","2781","3","<POSITION_APP>"
"2026-06-03","10:27:24","1159022031","","39.295385599999996","-76.6246912","39.2716395","-76.6145313","-15","7.0","2781","3","<POSITION_APP>"
"2026-06-03","10:28:04","1159022031","","39.295385599999996","-76.6246912","39.2716395","-76.6145313","-15","6.5","2781","3","<POSITION_APP>"
"2026-06-03","10:28:44","1159022031","","39.295385599999996","-76.6246912","39.2716395","-76.6145313","-15","6.75","2781","3","<POSITION_APP>"
"2026-06-03","10:29:24","1159022031","","39.295385599999996","-76.6246912","39.2716463","-76.6144423","-7","6.0","2783","3","<POSITION_APP>"
"2026-06-03","10:30:04","1159022031","","39.295385599999996","-76.6246912","39.2716463","-76.6144423","-7","6.25","2783","3","<POSITION_APP>"
"2026-06-03","10:30:44","1159022031","","39.295385599999996","-76.6246912","39.2716463","-76.6144423","-7","7.0","2783","3","<POSITION_APP>"
"2026-06-03","10:31:24","1159022031","","39.295385599999996","-76.6246912","39.271763","-76.6143773","5","6.5","2773","3","<POSITION_APP>"
"2026-06-03","10:32:04","1159022031","","39.295385599999996","-76.6246912","39.271763","-76.6143773","5","6.0","2773","3","<POSITION_APP>"
"2026-06-03","10:32:44","1159022031","","39.295385599999996","-76.6246912","39.271763","-76.6143773","5","6.25","2773","3","<POSITION_APP>"
"2026-06-03","10:33:24","1159022031","","39.295385599999996","-76.6246912","39.271763","-76.6143773","5","6.25","2773","3","<POSITION_APP>"
"2026-06-03","10:34:05","1159022031","","39.295385599999996","-76.6246912","39.271763","-76.6143773","5","6.5","2773","3","<POSITION_APP>"
"2026-06-03","10:34:44","1159022031","","39.295385599999996","-76.6246912","39.2718358","-76.6142728","2","6.5","2768","3","<POSITION_APP>"
"2026-06-03","10:35:25","1159022031","","39.295385599999996","-76.6246912","39.2719051","-76.6141775","2","6.75","2763","3","<POSITION_APP>"
"2026-06-03","10:36:05","1159022031","","39.295385599999996","-76.6246912","39.2719051","-76.6141775","2","6.25","2763","3","<POSITION_APP>"
"2026-06-03","10:36:45","1159022031","","39.295385599999996","-76.6246912","39.2719051","-76.6141775","2","6.0","2763","3","<POSITION_APP>"
"2026-06-03","10:37:25","1159022031","","39.295385599999996","-76.6246912","39.2719051","-76.6141775","2","6.5","2763","3","<POSITION_APP>"
"2026-06-03","10:38:05","1159022031","","39.295385599999996","-76.6246912","39.2719051","-76.6141775","2","6.75","2763","3","<POSITION_APP>"
"2026-06-03","10:38:44","1159022031","","39.295385599999996","-76.6246912","39.2719051","-76.6141775","2","6.5","2763","3","<POSITION_APP>"
"2026-06-03","10:39:24","1159022031","","39.295385599999996","-76.6246912","39.2719051","-76.6141775","2","6.75","2763","3","<POSITION_APP>"
"2026-06-03","10:40:04","1159022031","","39.295385599999996","-76.6246912","39.2719051","-76.6141775","2","7.0","2763","3","<POSITION_APP>"
"2026-06-03","10:40:45","1159022031","","39.295385599999996","-76.6246912","39.2719051","-76.6141775","2","7.0","2763","3","<POSITION_APP>"
"2026-06-03","10:41:25","1159022031","","39.295385599999996","-76.6246912","39.2719051","-76.6141775","2","6.5","2763","3","<POSITION_APP>"
"2026-06-03","10:42:04","1159022031","","39.295385599999996","-76.6246912","39.2719051","-76.6141775","2","7.0","2763","3","<POSITION_APP>"
"2026-06-03","10:42:45","1159022031","","39.295385599999996","-76.6246912","39.2719051","-76.6141775","2","6.75","2763","3","<POSITION_APP>"
"2026-06-03","10:43:25","1159022031","","39.295385599999996","-76.6246912","39.2719051","-76.6141775","2","6.5","2763","3","<POSITION_APP>"
"2026-06-03","10:44:04","1159022031","","39.295385599999996","-76.6246912","39.2719051","-76.6141775","2","6.5","2763","3","<POSITION_APP>"
"2026-06-03","10:44:45","1159022031","","39.295385599999996","-76.6246912","39.271766","-76.6143393","33","7.25","2773","3","<POSITION_APP>"
"2026-06-03","10:45:25","1159022031","","39.295385599999996","-76.6246912","39.2718231","-76.6143338","33","7.0","2768","3","<POSITION_APP>"
"2026-06-03","10:46:05","1159022031","","39.295385599999996","-76.6246912","39.2718231","-76.6143338","33","6.5","2768","3","<POSITION_APP>"
"2026-06-03","10:46:44","1159022031","","39.295385599999996","-76.6246912","39.2718231","-76.6143338","33","6.75","2768","3","<POSITION_APP>"
"2026-06-03","10:47:25","1159022031","","39.295385599999996","-76.6246912","39.2718231","-76.6143338","33","6.5","2768","3","<POSITION_APP>"
"2026-06-03","10:48:05","1159022031","","39.295385599999996","-76.6246912","39.2718231","-76.6143338","33","6.25","2768","3","<POSITION_APP>"
"2026-06-03","10:48:44","1159022031","","39.295385599999996","-76.6246912","39.2718231","-76.6143338","33","7.0","2768","3","<POSITION_APP>"
"2026-06-03","10:49:25","1159022031","","39.295385599999996","-76.6246912","39.2718231","-76.6143338","33","6.75","2768","3","<POSITION_APP>"
"2026-06-03","10:50:05","1159022031","","39.295385599999996","-76.6246912","39.2718231","-76.6143338","33","6.75","2768","3","<POSITION_APP>"
"2026-06-03","10:50:45","1159022031","","39.295385599999996","-76.6246912","39.2718231","-76.6143338","33","6.25","2768","3","<POSITION_APP>"
"2026-06-03","10:51:25","1159022031","","39.295385599999996","-76.6246912","39.2715246","-76.61464629999999","34","6.75","2791","3","<POSITION_APP>"
"2026-06-03","10:52:05","1159022031","","39.295385599999996","-76.6246912","39.2715373","-76.6146456","33","6.5","2789","3","<POSITION_APP>"
"2026-06-03","10:52:45","1159022031","","39.295385599999996","-76.6246912","39.2715373","-76.6146456","33","6.75","2789","3","<POSITION_APP>"
"2026-06-03","10:53:25","1159022031","","39.295385599999996","-76.6246912","39.2715373","-76.6146456","33","6.5","2789","3","<POSITION_APP>"
"2026-06-03","10:54:05","1159022031","","39.295385599999996","-76.6246912","39.2715373","-76.6146456","33","6.5","2789","3","<POSITION_APP>"
"2026-06-03","10:54:45","1159022031","","39.295385599999996","-76.6246912","39.2715373","-76.6146456","33","6.25","2789","3","<POSITION_APP>"
"2026-06-03","10:55:25","1159022031","","39.295385599999996","-76.6246912","39.2715373","-76.6146456","33","5.5","2789","3","<POSITION_APP>"
"2026-06-03","10:56:05","1159022031","","39.295385599999996","-76.6246912","39.2715373","-76.6146456","33","7.0","2789","3","<POSITION_APP>"
"2026-06-03","10:56:22","1159022031","","39.295385599999996","-76.6246912","39.2715373","-76.6146456","33","5.5","2789","3","<TELEMETRY_APP>"
"2026-06-03","10:57:53","1159022031","","39.295385599999996","-76.6246912","39.27438","-76.61483","33","5.75","2485","3","<POSITION_APP>"
"2026-06-03","10:58:05","1159022031","","39.295385599999996","-76.6246912","39.27438","-76.61483","33","5.75","2485","3","<POSITION_APP>"
"2026-06-03","10:58:45","1159022031","","39.295385599999996","-76.6246912","39.2715767","-76.6145796","3","5.0","2787","3","<POSITION_APP>"
"2026-06-03","11:00:55","1159022031","","39.295385599999996","-76.6246912","39.271574699999995","-76.6145793","10","6.25","2787","3","<POSITION_APP>"
"2026-06-03","11:00:55","1159022031","","39.295385599999996","-76.6246912","39.271574699999995","-76.6145793","10","5.75","2787","3","<POSITION_APP>"
"2026-06-03","11:24:40","1159022031","","39.295385599999996","-76.6246912","39.271574699999995","-76.6145793","10","-0.75","2787","0","seq 9"
"2026-06-03","11:24:40","1159022031","","39.295385599999996","-76.6246912","39.271574699999995","-76.6145793","10","4.25","2787","0","seq 10"
"2026-06-03","11:24:40","1159022031","","39.295385599999996","-76.6246912","39.271574699999995","-76.6145793","10","-1.75","2787","3","<POSITION_APP>"
"2026-06-03","11:24:40","1159022031","","39.295385599999996","-76.6246912","39.271574699999995","-76.6145793","10","4.25","2787","0","seq 11"
"2026-06-03","11:24:40","1159022031","","39.295385599999996","-76.6246912","39.271574699999995","-76.6145793","10","3.5","2787","3","<POSITION_APP>"
"2026-06-03","11:24:40","1159022031","","39.295385599999996","-76.6246912","39.271574699999995","-76.6145793","10","2.75","2787","0","seq 12"
"2026-06-03","11:24:40","1159022031","","39.295385599999996","-76.6246912","39.271574699999995","-76.6145793","10","-8.75","2787","0","seq 13"
"2026-06-03","11:24:40","1159022031","","39.295385599999996","-76.6246912","39.271574699999995","-76.6145793","10","-8.25","2787","0","seq 14"
"2026-06-03","11:24:40","1159022031","","39.295385599999996","-76.6246912","39.271574699999995","-76.6145793","10","-2.75","2787","0","seq 15"
"2026-06-03","11:24:40","1159022031","","39.295385599999996","-76.6246912","39.271574699999995","-76.6145793","10","-8.25","2787","0","seq 16"
"2026-06-03","11:24:40","1159022031","","39.295385599999996","-76.6246912","39.271574699999995","-76.6145793","10","-8.0","2787","0","seq 17"
"2026-06-03","11:24:40","1159022031","","39.295385599999996","-76.6246912","39.271574699999995","-76.6145793","10","2.0","2787","0","seq 19"
"2026-06-03","11:24:40","1159022031","","39.295385599999996","-76.6246912","39.271574699999995","-76.6145793","10","-6.0","2787","0","seq 20"
"2026-06-03","11:24:40","1159022031","","39.295385599999996","-76.6246912","39.271574699999995","-76.6145793","10","-7.0","2787","0","seq 21"
"2026-06-03","11:24:40","1159022031","","39.295385599999996","-76.6246912","39.271574699999995","-76.6145793","10","-14.0","2787","0","seq 23"
"2026-06-03","11:24:40","1159022031","","39.295385599999996","-76.6246912","39.271574699999995","-76.6145793","10","-12.25","2787","0","seq 25"
"2026-06-03","11:24:40","1159022031","","39.295385599999996","-76.6246912","39.271574699999995","-76.6145793","10","-12.5","2787","0","seq 26"
"2026-06-03","11:24:40","1159022031","","39.295385599999996","-76.6246912","39.271574699999995","-76.6145793","10","-15.75","2787","0","seq 31"
"2026-06-03","11:24:40","1159022031","","39.295385599999996","-76.6246912","39.271574699999995","-76.6145793","10","-19.25","2787","0","seq 32"
"2026-06-03","11:24:40","1159022031","","39.295385599999996","-76.6246912","39.271574699999995","-76.6145793","10","-9.0","2787","0","seq 2"
"2026-06-03","11:24:40","1159022031","","39.295385599999996","-76.6246912","39.271574699999995","-76.6145793","10","2.0","2787","0","seq 3"
"2026-06-03","11:24:40","1159022031","","39.295385599999996","-76.6246912","39.271574699999995","-76.6145793","10","-7.25","2787","0","seq 4"
"2026-06-03","11:24:40","1159022031","","39.295385599999996","-76.6246912","39.271574699999995","-76.6145793","10","2.5","2787","0","seq 5"
"2026-06-03","11:24:40","1159022031","","39.295385599999996","-76.6246912","39.271574699999995","-76.6145793","10","3.25","2787","0","seq 6"
"2026-06-03","11:24:40","1159022031","","39.295385599999996","-76.6246912","39.271574699999995","-76.6145793","10","5.0","2787","0","seq 7"
"2026-06-03","11:24:40","1159022031","","39.295385599999996","-76.6246912","39.271574699999995","-76.6145793","10","6.25","2787","0","seq 1"
"2026-06-03","11:24:40","1159022031","","39.295385599999996","-76.6246912","39.271574699999995","-76.6145793","10","5.0","2787","0","seq 2"
"2026-06-03","11:24:40","1159022031","","39.295385599999996","-76.6246912","39.271574699999995","-76.6145793","10","5.75","2787","0","seq 3"
"2026-06-03","11:24:40","1159022031","","39.295385599999996","-76.6246912","39.271574699999995","-76.6145793","10","5.75","2787","0","seq 4"
"2026-06-03","11:25:46","1159022031","","39.295385599999996","-76.6246912","39.271574699999995","-76.6145793","10","6.5","2787","3","<NODEINFO_APP>"
"2026-06-03","11:25:46","1159022031","","39.295385599999996","-76.6246912","39.271574699999995","-76.6145793","10","6.5","2787","3","<POSITION_APP>"
"2026-06-03","11:26:08","1159022031","","39.295385599999996","-76.6246912","39.271574699999995","-76.6145793","10","6.0","2787","3","<NODEINFO_APP>"
